STYLE,ATTR,META,
IMB,Fabric.1,"Wotzka 1995:59 „Die Keramik des Imbonga-Stiles ist aus weiß-brennenden Tonen hergestellt, denen keinerlei Zuschläge beigemengt wurden.“",
IMB,GefTyp.1,Wotzka 1995:60 „Als charakteristische Form der Imbonga-Gruppe ist Typ 1 anzusehen knapp 80 % aller morphologisch zuweisbaren Stücke gehören diesem Typ an.“,
IMB,GefTyp.2,"Wotzka 1995:60 Tab. 5 = 4,3 %",
IMB,RandTyp.1,"Wotzka 1995:62 „Wichtig für die Charakterisierung dieser Stilgruppe sind aber nur die häufigsten sieben Typen, die zusammen rund 91 % des zugewiesenen Materials repräsentieren.“",
IMB,RandTyp.2,"Wotzka 1995:62 „Wichtig für die Charakterisierung dieser Stilgruppe sind aber nur die häufigsten sieben Typen, die zusammen rund 91 % des zugewiesenen Materials repräsentieren.“",
IMB,RandTyp.3,"Wotzka 1995:62 „Wichtig für die Charakterisierung dieser Stilgruppe sind aber nur die häufigsten sieben Typen, die zusammen rund 91 % des zugewiesenen Materials repräsentieren.“",
IMB,RandTyp.4,"Wotzka 1995:62 „Wichtig für die Charakterisierung dieser Stilgruppe sind aber nur die häufigsten sieben Typen, die zusammen rund 91 % des zugewiesenen Materials repräsentieren.“",
IMB,RandTyp.5,"Wotzka 1995:62 „Wichtig für die Charakterisierung dieser Stilgruppe sind aber nur die häufigsten sieben Typen, die zusammen rund 91 % des zugewiesenen Materials repräsentieren.“",
IMB,RandTyp.6,"Wotzka 1995:62 „Wichtig für die Charakterisierung dieser Stilgruppe sind aber nur die häufigsten sieben Typen, die zusammen rund 91 % des zugewiesenen Materials repräsentieren.“",
IMB,RandTyp.7,"Wotzka 1995:62 „Wichtig für die Charakterisierung dieser Stilgruppe sind aber nur die häufigsten sieben Typen, die zusammen rund 91 % des zugewiesenen Materials repräsentieren.“",
IMB,BodenTyp.B4,Wotzka 1995:63 „Von den sechs unterschiedenen Typen sind vor allem der einfache Flachboden (B 4) und der abgesetzte Flachboden (B 11) von Bedeutung.“,
IMB,BodenTyp.B11,Wotzka 1995:63 „Von den sechs unterschiedenen Typen sind vor allem der einfache Flachboden (B 4) und der abgesetzte Flachboden (B 11) von Bedeutung.“,
IMB,VerzTech.02,Wotzka 1995:63 „Nach Riefung und Wiegebandverzierung treten vor allem Ritz- und Stempeltechnik auf.“ = Riefung,
IMB,VerzTech.04-1,Wotzka 1995:63 „Nach Riefung und Wiegebandverzierung treten vor allem Ritz- und Stempeltechnik auf.“ = Wiegeband,
IMB,VerzTech.01,Wotzka 1995:63 „NachRiefung und Wiegebandverzierung treten vor allem Ritz- und Stempeltechnik auf.“ = Ritzung,
IMB,VerzTech.04,Wotzka 1995:63 „Nach Riefung und Wiegebandverzierung treten vor allem Ritz- und Stempeltechnik auf.“ = Stempel,
IMB,VerzTech.09,"Wotzka 1995:63 „Seltener, aber sehr charakteristisch für d iese Stilgruppe sind Applikationen.“",
BON,Fabric.1,Wotzka 1995:69 „Die Keramik des Bonkake-Stiles entspricht technologisch der für die Imbonga-Gruppe beschriebenen Warenart.“,
BON,GefTyp.5,"Wotzka 1995:69 Tab. 11 = 68,8 %",
BON,GefTyp.3,"Wotzka 1995:69 Tab. 11 = 12,5 %",
BON,RandTyp.1,"Wotzka 1995:70 Tab. 12 = 63,6 %",
BON,RandTyp.2,"Wotzka 1995:70 Tab. 12 = 19,5 %",
BON,BodenTyp.B4,Wotzka 1995:70 Tab. 13 = 60 %; „Auch hier sind einfache Flachböden (B 4) am häufigsten belegt“,
BON,BodenTyp.B11,"Wotzka 1995:70 Tab. 13 = 26,7 %; „während abgesetzte Flachböden (B 11) etwas seltener auftreten“",
BON,VerzTech.01,"Wotzka 1995:70 „Der Bonkake-Stil ist vor allem durch Ritz-, Stempelund Riefenverzierung gekennzeichnet“ = Ritzung",
BON,VerzTech.04,"Wotzka 1995:70 „Der Bonkake-Stil ist vor allem durch Ritz-, Stempelund Riefenverzierung gekennzeichnet“ = Stempel",
BON,VerzTech.02,"Wotzka 1995:70 „Der Bonkake-Stil ist vor allem durch Ritz-, Stempelund Riefenverzierung gekennzeichnet“ = Riefung",
ING,Fabric.1,Wotzka 1995:73 „In technologischer Hinsicht entspricht die IngendeKeramik der im Zusammenhang mit der ImbongaGruppe beschriebenen Warenart“,
ING,GefTyp.5,"Wotzka 1995:73 Tab. 15 = 29,4 %",
ING,GefTyp.6,"Wotzka 1995:73 Tab. 15 = 23,5 %",
ING,GefTyp.8,"Wotzka 1995:73 Tab. 15 = 17,6 %",
ING,GefTyp.17,"Wotzka 1995:73 Tab. 15 = 11,8 %",
ING,RandTyp.2,"Wotzka 1995:75 Tab. 16 = 25,9 %",
ING,RandTyp.7,"Wotzka 1995:75 Tab. 16 = 11,1 %",
ING,RandTyp.14,"Wotzka 1995:75 Tab. 16 = 11,1 %",
ING,RandTyp.22,"Wotzka 1995:75 Tab. 16 = 11,1 %",
ING,RandTyp.1,"Wotzka 1995:75 Tab. 16 = 7,4 %",
ING,RandTyp.4,"Wotzka 1995:75 Tab. 16 = 7,4 %",
ING,BodenTyp.B4,Wotzka 1995:75 „In der Ingende-Gruppe kommen ausschließlich einfache und abgesetzte Flachböden der Typen B 4 und B 11 vor“,
ING,BodenTyp.B11,Wotzka 1995:75 „In der Ingende-Gruppe kommen ausschließlich einfache und abgesetzte Flachböden der Typen B 4 und B 11 vor“,
ING,VerzTech.04-1,"Wotzka 1995:75 „Charakteristisch für die Ornamentik der Ingende-Gruppe ist die Wiegebandtechnik, die sowohl mit dem Zahnstock als auch mit ungezähntem Gerät ausgeführt worden ist.“",
ING,VerzTech.02,Wotzka 1995:75 „Häufiger belegt sind allerdings Riefenmotive“,
IGD,Fabric.1,Wotzka 1995:78 „Die Ware zeigt im wesentlichen die im Zusammenhang mit der Imbonga-Gruppe beschriebenen Merkmale.“,
IGD,GefTyp.19,"Wotzka 1995:78 Tab. 19 = 22,6 %",
IGD,GefTyp.2,"Wotzka 1995:78 Tab. 19 = 12,9 %",
IGD,GefTyp.5,"Wotzka 1995:78 Tab. 19 = 9,7 %",
IGD,GefTyp.8,"Wotzka 1995:78 Tab. 19 = 9,7 %",
IGD,GefTyp.20,"Wotzka 1995:78 Tab. 19 = 9,7 %",
IGD,GefTyp.21,"Wotzka 1995:78 Tab. 19 = 9,7 %",
IGD,GefTyp.22,"Wotzka 1995:78 Tab. 19 = 9,7 %",
IGD,RandTyp.24,"Wotzka 1995:80 Tab. 20 = 43,8 %",
IGD,RandTyp.2,"Wotzka 1995:80 Tab. 20 = 10,4 %",
IGD,RandTyp.9,"Wotzka 1995:80 Tab. 20 = 6,3 %",
IGD,RandTyp.30,"Wotzka 1995:80 Tab. 20 = 6,3 %",
IGD,RandTyp.7,"Wotzka 1995:80 Tab. 20 = 4,2 %",
IGD,RandTyp.31,"Wotzka 1995:80 Tab. 20 = 4,2 %",
IGD,BodenTyp.B4,"Wotzka 1995:80 „Für den Inganda-Stil sind ausschließlich flache Bodenformen überliefert, unter denen der einfache Flachboden(B 4) und der abgesetzte Flachboden(B 11) am häufigsten vertreten sind.“",
IGD,BodenTyp.B11,"Wotzka 1995:80 „Für den Inganda-Stil sind ausschließlich flache Bodenformen überliefert, unter denen der einfache Flachboden(B 4) und der abgesetzte Flachboden(B 11) am häufigsten vertreten sind.“",
IGD,VerzTech.01,Wotzka 1995:80 „Neben eingeritzten oder aus Riefen zusammengesetzten Motiven ...“,
IGD,VerzTech.02,Wotzka 1995:80 „Neben eingeritzten oder aus Riefen zusammengesetzten Motiven ...“,
IGD,VerzTech.04-1,"Wotzka 1995:80f. „trägt die Keramik der IngandaGruppe besonders häufig Zahnstockeindrücke, die sowohl in Wiegebandtechnik ausgeführt als auch einzeln gesetzt vorkommen.",
IGD,VerzTech.05,"Wotzka 1995:80f. „trägt die Keramik der IngandaGruppe besonders häufig Zahnstockeindrücke, die sowohl in Wiegebandtechnik ausgeführt als auch einzeln gesetzt vorkommen.",
IGD,VerzTech.04,Wotzka 1995:81 „Daneben treten vor allem Stempelverzierungen und Applikationen auf.“,
IGD,VerzTech.09,Wotzka 1995:81 „Daneben treten vor allem Stempelverzierungen und Applikationen auf.“,
LOK,Fabric.1,"Wotzka 1995:85 „technologische Übereinstimmung mit der Ware der bislang beschriebenen Gruppen konstatieren … übliche weiße bis graue, bisweilen auch schwarze Farbe“",
LOK,GefTyp.27,"Wotzka 1995:85 Tab. 24 = 90,4%; „Da der Bechertyp 28 aber lediglich eine kleine Variante des Typs 27 darstellt“",
LOK,GefTyp.20,"Wotzka 1995:85 Tab. 24 = 9,7%",
LOK,RandTyp.23,"Wotzka 1995:86 Tab. 25 = 41,8%",
LOK,RandTyp.19,"Wotzka 1995:86 Tab. 25 = 34,5%",
LOK,RandTyp.10,"Wotzka 1995:86 Tab. 25 = 18,2%",
LOK,VerzTech.01,"Wotzka 1995:86 „Der Lokondola-Stil ist vor allem durch Riefen-, Rillen und Wiegebandornamentik geprägt“",
LOK,VerzTech.02,"Wotzka 1995:86 „Der Lokondola-Stil ist vor allem durch Riefen-, Rillen und Wiegebandornamentik geprägt“",
LOK,VerzTech.04-1,"Wotzka 1995:86 „Der Lokondola-Stil ist vor allem durch Riefen-, Rillen und Wiegebandornamentik geprägt“",
YET,Fabric.1,Wotzka 1995:90 „Die Yete-Keramik entspricht in der Ware den bislang vorgestellten Keramikgruppen.“,
YET,GefTyp.29,"Wotzka 1995:90 Tab. 27 = 46,2%; „kann strenggenommen nur Typ 29 als sicherer Vertreter dieser Stilgruppe gelten“",
YET,RandTyp.43,"Wotzka 1995:91 Tab. 28 = 76,8%; „ allerdings nur Typ R 42 als sicher zu dieser Gruppe gehörig betrachtet“",
YET,BodenTyp.B4,Wotzka 1995:91 „Nur der einfache Flachboden ist sicher mit der Gefäßform 30 assoziiert“,
YET,VerzTech.01,"Wotzka 1995:92 „Die Ornamentik des Yete-Stiles ist im wesentlichen durch Riefen-, Rillen- und Stempelverzierung geprägt.“",
YET,VerzTech.02,"Wotzka 1995:92 „Die Ornamentik des Yete-Stiles ist im wesentlichen durch Riefen-, Rillen- und Stempelverzierung geprägt.“",
YET,VerzTech.04,"Wotzka 1995:92 „Die Ornamentik des Yete-Stiles ist im wesentlichen durch Riefen-, Rillen- und Stempelverzierung geprägt.“",
MON,Fabric.1,Wotzka 1995:94 „Hinsichtlich der Warenart läßt sich die Monkoto-Keramik nicht von den bislang vorgestellten Gruppen unterscheiden.“,
MON,GefTyp.33,Wotzka 1995:94. „Die einzige bekannte Gefäßform der Monkoto-Gruppe stellt Typ 33 dar.“,
MON,RandTyp.51,"Wotzka 1995:95 Tab. 30 = 95,6%; „Die charakteristische Randform dieser Stilgruppe stellt der Typ 51 dar“",
MON,VerzTech.01,Wotzka 1995:96 „Die Ornamentik der Monkoto-Gruppe ist vor allem durch Riefenmotive sowie eingeritzte und gestempelte Verzierungen geprägt.“,
MON,VerzTech.02,Wotzka 1995:96 „Die Ornamentik der Monkoto-Gruppe ist vor allem durch Riefenmotive sowie eingeritzte und gestempelte Verzierungen geprägt.“,
MON,VerzTech.04,Wotzka 1995:96 „Die Ornamentik der Monkoto-Gruppe ist vor allem durch Riefenmotive sowie eingeritzte und gestempelte Verzierungen geprägt.“,
BKE,Fabric.1,Wotzka 1995:100 „anhand technologischer Kriterien nicht von den bislang vorgestellten Gruppen zu unterscheiden.“,
BKE,GefTyp.34,"Wotzka 1995:100 Tab. 34 = 71,4%",
BKE,RandTyp.57,"Wotzka 1995:101 Tab. 35 = 62,5%",
BKE,RandTyp.51,Wotzka 1995:101 Tab. 35 = 25%,
BKE,BodenTyp.B4,Wotzka 1995:101 Tab. 36 = 75%,
BKE,BodenTyp.B6,Wotzka 1995:101 Tab. 36 = 25%,
BKE,VerzTech.11,"Wotzka 1995:101 „Innerhalb der Bokele-Gruppeistdie Verzierungdurch ""Glättstriche"" am häufigsten belegt“",
BKE,VerzTech.01,Wotzka 1995:101 „Neben den Glättmustern kommt Stempel-sowie Riefen- und Rillenornamentik vor“,
BKE,VerzTech.02,Wotzka 1995:101 „Neben den Glättmustern kommt Stempel-sowie Riefen- und Rillenornamentik vor“,
BKE,VerzTech.04,Wotzka 1995:101 „Neben den Glättmustern kommt Stempel-sowie Riefen- und Rillenornamentik vor“,
LUS,Fabric.1,Wotzka 1995:104 „In technologischer Hinsicht entspricht die Lusako-Keramik dem Material der bislang vorgestellten Stilgruppen“,
LUS,GefTyp.37,Wotzka 1995:105 „Die einzige sicher belegte Gefäßform des Lusako-Stiles stellt der Typ 37 dar“,
LUS,RandTyp.46,"Wotzka 1995:105 Tab. 38 = 73,3 %",
LUS,RandTyp.37,"Wotzka 1995:105 Tab. 38 = 26,7%",
LUS,BodenTyp.B11,"Wotzka 1995:105 „Die einzige für den Lusako-Stil belegte Bodenform ist d er mit Gefäßtyp 37 assoziierte, deutlich abgesetzte Flachboden des Typs B 11“",
LUS,VerzTech.01,Wotzka 1995:105 „Die Ornamentik der Lusako-Gruppe ist vor allem durch eingeritzte Muster geprägt.“,
LUS,VerzTech.02,Wotzka 1995:105 „Neben eingeritztem Dekor sind in erster Linie einfache Riefenmuster belegt.“,
LUS,VerzTech.09,Wotzka 1995:105 „Pseudoapplikationen können als typisches Element der Lusako-Ornarnentik gelten.“,
LNG,Fabric.1,Wotzka 1995:108 „ In allen sonstigen technologischen Belangen entspricht die Lingonda Keramik dem Material der bisher beschriebenen Stilgruppen“,
LNG,GefTyp.38,"Wotzka 1995:108 „Diese beiden steilwandigen, pokalartigen Bechertypen, die unter anderem durch Exemplare beträchtlicher Größe vertreten sind, bilden somit die charakteristischen Gefäßformen des Lingonda-Stiles.“",
LNG,GefTyp.39,"Wotzka 1995:108 „Diese beiden steilwandigen, pokalartigen Bechertypen, die unter anderem durch Exemplare beträchtlicher Größe vertreten sind, bilden somit die charakteristischen Gefäßformen des Lingonda-Stiles.“",
LNG,RandTyp.47,"Wotzka 1995:109 Tab. 42 = 97,6%",
LNG,BodenTyp.B4,Wotzka 1995:109 „Die häufigste Form stellt der einfache Flachboden des Typs B 4 dar“,
LNG,BodenTyp.B10,Wotzka 1995:109 „Daneben kommen leicht abgesetzte Flachböden des Typs B 10.“,
LNG,BodenTyp.B11,Wotzka 1995:109 „ und riefenprofilierte Flachböden des Typs B 8 vor.“,
LNG,VerzTech.08,Wotzka 1995:109 „ImLingonda-Stil tritt erstmals eine Verzierungstechnik auf … im Lolinga als banfwa-nfwa bezeichnet“,
LNG,VerzTech.01,Wotzka 1995:111 „Nach dem banfwa-nfwa stellt die Ritztechnik die am häufigsten auf Stücken des Lingonda-Stiles belegte Verzierungsweise dar.“,
LNG,VerzTech.04-1,Wotzka 1995:111 „zahlreiche der für diese Stilgruppe charakteristischen Schraffuren ganz oder teilweise in Wiegebandtechnik ausgeführt“,
LNG,VerzTech.05,Wotzka 1995:112 „Relativ häufig fand im Lingonda-Stil der Zahnstock Verwendung“,
BOK,Fabric.2,"Wotzka 1995:116 „Die Scherbenoberflächen sind häufig von einer leicht rötlich-braunen Farbe, die auf eine intentionelle Färbung hindeutet.“",
BOK,Fabric.1,Wotzka 1995:116 „In allen sonstigen technischen Belangen entspricht die Bokuma-Keramik den bisher beschriebenen Stilgruppen.“,
BOK,GefTyp.41,Wotzka 1995:116 Tab. 46 = 50%,
BOK,RandTyp.49,"Wotzka 1995:117 Tab. 47 = 66,7%",
BOK,RandTyp.48,"Wotzka 1995:117 Tab. 47 = 22,2%",
BOK,BodenTyp.B10,"Wotzka 1995:117 Tab. 48 = 66,7%",
BOK,BodenTyp.B4,"Wotzka 1995:117 Tab. 48 = 16,6%",
BOK,BodenTyp.B1,Wotzka 1995:117 „Die Ähnlichkeit dieser kau m noch vom Gefäßkörper abgesetzten Bodenform mit dem im Bokuma-Stil erstmals auftretenden Rundboden (B 1) ist unverkennbar“,
BOK,BodenTyp.B13,Wotzka 1995:117 „Eine weitere Neuheit d ieser Stilgruppe stellt der in einem Fall belegte Standring (B 13) dar“,
BOK,VerzTech.01,Wotzka 1995:117 „Die Ornamentik der Bokuma-Keramik ist in erster Linie durch Kombinationen aus eingeritzten Motiven mit Zahnstock-Wiegebandmustem geprägt“,
BOK,VerzTech.04-1,Wotzka 1995:117 „Die Ornamentik der Bokuma-Keramik ist in erster Linie durch Kombinationen aus eingeritzten Motiven mit Zahnstock-Wiegebandmustem geprägt“,
BOK,VerzTech.04,Wotzka 1995:117 „Hinter diesen beiden Verzierungstechniken treten Stempelzier und banfwa-nfwa deutlich zurück.“,
BOK,VerzTech.08,Wotzka 1995:117 „Hinter diesen beiden Verzierungstechniken treten Stempelzier und banfwa-nfwa deutlich zurück.“,
LON,Fabric.2,Wotzka 1995:121 „Nach Ausweis rotbrauner Farbreste ist zumindest die äußere Oberfläche zahlreicher Stücke dieser Stilgruppe intentioneil eingefärbt worden.“,
LON,Fabric.1,Wotzka 1995:121 „In allen sonstigen technischen Belangen entspricht die Longa-Keramik dem Material der bislang vorgestellten Stilgruppen.“,
LON,GefTyp.44,Wotzka 1995:121 Tab. 50 = 47%,
LON,GefTyp.45,"Wotzka 1995:121 Tab. 50 = 40,2%",
LON,RandTyp.59,Wotzka 1995:123 Tab. 51 = 47.7%,
LON,RandTyp.60,"Wotzka 1995:123 Tab. 51 = 24,1%",
LON,RandTyp.61,"Wotzka 1995:123 Tab. 51 = 20,9%",
LON,BodenTyp.B1,Wotzka 1995:123 „An Bodenformen sind für den Longa-Stil lediglich der Rundboden (B 1)“,
LON,VerzTech.01,Wotzka 1995:123 „Sieht man einmal von der besonders oft in Form einfacher horizontaler Rillen nachgewiesenen Ritztechnik ab“,
LON,VerzTech.04,Wotzka 1995:123 „gehört vor allem der einfache oder in Wiegebandtechnik erzeugte Zahnstockeindruck zu den am häufigsten belegten Verzierungsarten“,
LON,VerzTech.04-1,Wotzka 1995:123 „gehört vor allem der einfache oder in Wiegebandtechnik erzeugte Zahnstockeindruck zu den am häufigsten belegten Verzierungsarten“,
LON,VerzTech.06,"Wotzka 1995:123 „Besonders häufig zeigen die Gefäße der Longa-Gruppe komplexe, in einer Kombination aus Ritz-, Stempel- und Schnittechniken gearbeitete Muster.",
LON,VerzTech.11,Wotzka 1995:123 „Glättung“,
BDG,Fabric.1,Wotzka 1995:128 „In ihren technologischen Eigenschaften entspricht die Bondongo-Keramik der im Zusammenhang mit dem Imbonga-Stil gegebenen und- mit jeweils nur geringen Abweichungen- für alle bislang erörterten Stilgruppen verbindlichen Warenbeschreibung.“,
BDG,GefTyp.53,"Wotzka 1995:128 Tab. 55 = 66,4%",
BDG,GefTyp.54,"Wotzka 1995:128 Tab. 55 = 14,7%",
BDG,GefTyp.55,"Wotzka 1995:128 Tab. 55 = 4,7%",
BDG,GefTyp.56,"Wotzka 1995:128 Tab. 55 = 3,1%",
BDG,RandTyp.65,"Wotzka 1995:131 Tab. 56 = 48,1%",
BDG,RandTyp.64,"Wotzka 1995:131 Tab. 56 = 19,6%",
BDG,RandTyp.70,"Wotzka 1995:131 Tab. 56 = 13,6%",
BDG,RandTyp.71,"Wotzka 1995:131 Tab. 56 = 6,5%",
BDG,RandTyp.72,Wotzka 1995:131 Tab. 56 = 3%,
BDG,BodenTyp.B1,Wotzka 1995:131 „Die häufigste Bodenform des Bondongo-Stiles stellt der Rundboden des Typs B 1 dar“,
BDG,VerzTech.01,Wotzka 1995:131 „In der Häufigkeitsstatistikstehen Ritztechnik und banfwa-nfwa mit Abstand an erster Stelle.,
BDG,VerzTech.08,Wotzka 1995:131 „In der Häufigkeitsstatistikstehen Ritztechnik und banfwa-nfwa mit Abstand an erster Stelle.,
BDG,VerzTech.09,Wotzka 1995:132 „In gleicher struktureller Funktion und somit ebenfalls sehr zahlreich kommen mehr oder minder stark plastisch hervortretende Wülste bzw. Leisten vor“,
BDG,VerzTech.05,Wotzka 1995:132 „Auch der Zahnstock fand im Bondongo-Stil sehr häufig Verwendung“,
MBA,Fabric.1,Wotzka 1995:139 „In technologischer Hinsicht entspricht die Mbandaka-Keramik dem Material der Bondongo-Gruppe.“,
MBA,GefTyp.67,"Wotzka 1995:139 Tab. 60 = 77,6%",
MBA,GefTyp.68,"Wotzka 1995:139 Tab. 60 = 12,2%",
MBA,GefTyp.54,"Wotzka 1995:139 Tab. 60 = 10,2%",
MBA,RandTyp.65,"Wotzka 1995:140 Tab. 61 = 75,3%",
MBA,RandTyp.72,"Wotzka 1995:140 Tab. 61 = 7,8%",
MBA,RandTyp.73,"Wotzka 1995:140 Tab. 61 = 6,5%",
MBA,VerzTech.01,Wotzka 1995:140 „Die Ornamentik des Mbandaka-Stiles ist in erster Linie durch eingeritzte Motive und banfwa-nfwaVerzierung geprägt.“,
MBA,VerzTech.08,Wotzka 1995:140 „Die Ornamentik des Mbandaka-Stiles ist in erster Linie durch eingeritzte Motive und banfwa-nfwaVerzierung geprägt.“,
NKI,Fabric.1,"Wotzka 1995:144 ""Die Keramik des Nkile-Stiles entspricht in ihren technologischen Eigenschaften derjenigen der Bondongo-Gruppe“",
NKI,GefTyp.70,"Wotzka 1995:144 Tab. 64 = 41,0%",
NKI,GefTyp.69,"Wotzka 1995:144 Tab. 64 = 36,1%",
NKI,GefTyp.71,"Wotzka 1995:144 Tab. 64 = 6,6%",
NKI,GefTyp.59,"Wotzka 1995:144 Tab. 64 = 4,9%",
NKI,GefTyp.72,"Wotzka 1995:144 Tab. 64 = 4,9%",
NKI,GefTyp.73,"Wotzka 1995:144 Tab. 64 = 4,9%",
NKI,RandTyp.71,"Wotzka 1995:145 Tab. 65 = 38,5%",
NKI,RandTyp.64,"Wotzka 1995:145 Tab. 65 = 36,5%",
NKI,RandTyp.65,"Wotzka 1995:145 Tab. 65 = 9,6%",
NKI,RandTyp.87,"Wotzka 1995:145 Tab. 65 = 5,8%",
NKI,BodenTyp.B1,"Wotzka 1995:145 „ausschließlich um Rundböden des Typs B 1,“",
NKI,VerzTech.01,Wotzka 1995:145 „Das Erscheinungsbild d er Nkile-Keramik wird in erster Linie durch eingeritzte Ornamente und banfwa-nfwa-Verzierung bestimmt.“,
NKI,VerzTech.08,Wotzka 1995:145 „Das Erscheinungsbild d er Nkile-Keramik wird in erster Linie durch eingeritzte Ornamente und banfwa-nfwa-Verzierung bestimmt.“,
NKI,VerzTech.04,"Wotzka 1995:145 „Stempel-, Kerbschnitt- und Riefenmotive sowie plastische Ornamentik treten quantitativ deutlich hinter diesen beiden Hauptverzierungsarten zurück.“",
NKI,VerzTech.06,"Wotzka 1995:145 „Stempel-, Kerbschnitt- und Riefenmotive sowie plastische Ornamentik treten quantitativ deutlich hinter diesen beiden Hauptverzierungsarten zurück.“",
NKI,VerzTech.02,"Wotzka 1995:145 „Stempel-, Kerbschnitt- und Riefenmotive sowie plastische Ornamentik treten quantitativ deutlich hinter diesen beiden Hauptverzierungsarten zurück.“",
BOT,Fabric.1,Wotzka 1995:150 „Keramik des Botendo-Stiles keine technologischen Besonderheiten auf“,
BOT,GefTyp.74,"Wotzka 1995:151 Tab. 67 = 31,8%",
BOT,GefTyp.75,"Wotzka 1995:151 Tab. 67 = 22,6%",
BOT,GefTyp.76,"Wotzka 1995:151 Tab. 67 = 22,%",
BOT,GefTyp.77,"Wotzka 1995:151 Tab. 67 = 5,9%",
BOT,BodenTyp.B1,Wotzka 1995:154 „Die häufigste Bodenform des Botendo-Stiles stellt der mit mehreren Gefäßtypen assoziierte Rundboden (Typ B 1) dar.“,
BOT,VerzTech.08,"Wotzka 1995:154 „Das bei weitem häufigste Element der Botendo-Ornamentik ist die flächige banfwa-nfwa-Verzierung, die auf kaum einem Stück dieser Stilgruppe fehlt.“",
BOT,VerzTech.01,Wotzka 1995:154 „Erscheinungsbild der Botendo-Keramik vor allem durch Rillen- bzw. Riefenmuster geprägt,
BOT,VerzTech.02,Wotzka 1995:154 „Erscheinungsbild der Botendo-Keramik vor allem durch Rillen- bzw. Riefenmuster geprägt,
BOT,VerzTech.04,"Wotzka 1995:154 „Nimmt man noch die Stempelverzierung hinzu, so ist das technische Repertoire der Botendo-Ornamentik im wesentlichen vollständig aufgeführt“",
BEK,Fabric.2,Wotzka 1995:158 „Auffälligstes Merkmal dieser Bekongo-Ware ist die überwiegende Verwendung rotbrennender Tone.“,
BEK,GefTyp.86,"Wotzka 1995:159 Tab. 72 = 65,4%",
BEK,GefTyp.53,"Wotzka 1995:159 Tab. 72 = 11,5%",
BEK,GefTyp.44,"Wotzka 1995:159 Tab. 72 = 15,4%",
BEK,RandTyp.66,"Wotzka 1995:160 Tab. 73 = 55,0%",
BEK,RandTyp.59,"Wotzka 1995:160 Tab. 73 = 20,0%",
BEK,RandTyp.129,"Wotzka 1995:160 Tab. 73 = 15,0%",
BEK,VerzTech.01,Wotzka 1995:160 „In der Häufigkeitsstatistik der für den Bekongo-Stil belegten Verzierungstechniken nehmen Rillen- und Riefenverzierung die beiden ersten Positionen ein.“,
BEK,VerzTech.02,Wotzka 1995:160 „In der Häufigkeitsstatistik der für den Bekongo-Stil belegten Verzierungstechniken nehmen Rillen- und Riefenverzierung die beiden ersten Positionen ein.“,
BEK,VerzTech.05,"Wotzka 1995:160 „Auf Platz drei folgt die Zahnstockomamentik, die in dieser Stilgruppe unter Verwendung besonders langer und zuweilen offensichtlich flexibler Geräte hergestellt wurde.“",
BEK,VerzTech.04-1,Wotzka 1995:160 „in einigen Fällen auch die Wiegebandtechnik nachgewiesen.,
BEK,VerzTech.04,Wotzka 1995:160 „Bei den selten belegten Stempelmotiven handelt es sich zumeist um parallele Reihen feiner dreieckiger Eindrücke“,
WAF,Fabric.1,Wotzka 1995:163 „Die Keramik des Wafanya-Stiles ist aus ungemagerten weißbrennenden Tonen hergestellt.,
WAF,GefTyp.88,"Wotzka 1995:163 Tab. 76 = 52,3%",
WAF,GefTyp.53,"Wotzka 1995:163 Tab. 76 = 31,8%",
WAF,GefTyp.59,"Wotzka 1995:163 Tab. 76 = 6,8%",
WAF,GefTyp.87,"Wotzka 1995:163 Tab. 76 = 6,8%",
WAF,RandTyp.130,"Wotzka 1995:164 Tab. 77 = 55,5%",
WAF,RandTyp.95,"Wotzka 1995:164 Tab. 77 = 33,8%",
WAF,VerzTech.01,Wotzka 1995:164 „Die beiden häufigsten Dekorkategorien der Wafanya-Keramik stellen Rillen- bzw. Riefenornamentik und banfwa-nwfa-Verzierung dar.“,
WAF,VerzTech.02,Wotzka 1995:164 „Die beiden häufigsten Dekorkategorien der Wafanya-Keramik stellen Rillen- bzw. Riefenornamentik und banfwa-nwfa-Verzierung dar.“,
WAF,VerzTech.08,Wotzka 1995:164 „Die beiden häufigsten Dekorkategorien der Wafanya-Keramik stellen Rillen- bzw. Riefenornamentik und banfwa-nwfa-Verzierung dar.“,
WAF,VerzTech.05,"Wotzka 1995:164 „Auf der Häufigkeitsskala folgen Zahnstockornamente,“",
WAF,VerzTech.09,Wotzka 1995:164 „Die in der Wafanya-Gruppe sehr zahlreich vorkommenden plastischen Zier- bzw. Schulterleisten dürften in aller Regel aus der Gefäßwandung herausgearbeitet worden sein.,
WAF,VerzTech.06,"Wotzka 1995:165 „Abgesehen von den zahlreichen Kerbverzierungen, ...“",
WEM,Fabric.1,Wotzka 1995:168 „aus weißbrennend en Tonen hergestellten Keramikgruppen“,
WEM,Fabric.2,"Wotzka 1995:168 „Einige w~nige Scherben zeigen aber auf ansonsten weißer Oberfläche teils blaßrot, teils intensiv rot gefärbte, bisweilen auch im Bruch nachweisbare Bereiche.“",
WEM,Fabric.4,"Wotzka 1995:168 „An vier Fragmenten der Werna-Gruppe fallen eingelagerte, deutlich sieht- und fühlbare feine Quarzkörner auf, die eine intentioneHe Magerung bzw. die Verwendung von Tonen mit für diese Stilgruppe ungewöhnlich grobkörnigem Sandanteil bezeugen.“",
WEM,GefTyp.89,"Wotzka 1995:168 Tab. 79 = 98,7%",
WEM,RandTyp.75,"Wotzka 1995:169 Tab. 80 = 58,8%",
WEM,RandTyp.75,"Wotzka 1995:169 Tab. 80 = 11,8%",
WEM,RandTyp.75,"Wotzka 1995:169 Tab. 80 = 11,8%",
WEM,VerzTech.08,Wotzka 1995:169 „Wenngleich das auf nahezu keinem Stück fehlende banfwa -nfwa die bei weitem häufigste Verzierungsart der Werna-Keramik darstellt“,
WEM,VerzTech.01,Wotzka 1995:169 „ist die Ornamentik dieser Stilgruppe im wesentlichen durch eingeritzten Dekor charakterisiert.“,
WEM,VerzTech.04,"Wotzka 1995:169 „Stempelmuster begegnen ausschließlich in Form eingedrückter kurzer Bögen,“",
BOS,Fabric.1,"Wotzka 1995:172 „Die Keramik des Bosanga-Stiles entspricht in technologischer Hinsicht weitgehend den bislang beschriebenen, aus weißbrennenden Tonen hergestellten Keramikgruppen. Der weitaus größte Teil des Materials ist ungemagert“",
BOS,GefTyp.59,"Wotzka 1995:172 Tab. 83 = 80,0%",
BOS,GefTyp.71,"Wotzka 1995:172 Tab. 83 = 8,9%",
BOS,GefTyp.89,"Wotzka 1995:172 Tab. 83 = 6,7%",
BOS,GefTyp.70,"Wotzka 1995:172 Tab. 83 = 4,4%",
BOS,RandTyp.75,"Wotzka 1995:173 Tab. 84 = 46,4%",
BOS,RandTyp.130,"Wotzka 1995:173 Tab. 84 = 26,7%",
BOS,VerzTech.01,Wotzka 1995:173 „Die Bosanga-Keramik ist im wesentlichen durch Rillen- und banfwa-nfwa-Ornamentik geprägt.“,
BOS,VerzTech.08,Wotzka 1995:173 „Die Bosanga-Keramik ist im wesentlichen durch Rillen- und banfwa-nfwa-Ornamentik geprägt.“,
BOS,VerzTech.04,"Wotzka 1995:173 „Stempeldekor ist in der Bosanga-Gruppe zwar mehrfach belegt, tritt aber quantitativ deutlich hinter den genannten Verzierungstechniken zurück.“",
BLD,Fabric.1,Wotzka 1995:175 „Der größte Teil der Bolondo-Keramik wurde aus weißbrennenden Tonen hergestellt.“,
BLD,Fabric.2,Wotzka 1995:175 „Für rund 10% des zugehörigen Materials ist hingegen eine rote Brennfarbe nachgewiesen.“,
BLD,Fabric.4,Wotzka 1995:175 „Eine intentioneile Magerung mit feinem Quarzsand weisen 14 % der zur Bolondo-Gruppe gehörigen Stücke auf.“,
BLD,GefTyp.71,"Wotzka 1995:175 Tab 86 = 66,3%",
BLD,GefTyp.70,"Wotzka 1995:175 Tab 86 = 10,5%",
BLD,GefTyp.75,"Wotzka 1995:175 Tab 86 = 7,0%",
BLD,GefTyp.59,"Wotzka 1995:175 Tab 86 = 5,8%",
BLD,RandTyp.64,"Wotzka 1995:177 Tab. 87 = 29,3%",
BLD,RandTyp.75,"Wotzka 1995:177 Tab. 87 = 15,3%",
BLD,RandTyp.130,"Wotzka 1995:177 Tab. 87 = 11,2%",
BLD,RandTyp.89,"Wotzka 1995:177 Tab. 87 = 7,8%",
BLD,RandTyp.71,"Wotzka 1995:177 Tab. 87 = 6,9%",
BLD,RandTyp.133,"Wotzka 1995:177 Tab. 87 = 6,9%",
BLD,RandTyp.134,Wotzka 1995:177 Tab. 87 = 6%,
BLD,RandTyp.82,"Wotzka 1995:177 Tab. 87 = 4,3%",
BLD,RandTyp.135,"Wotzka 1995:177 Tab. 87 = 4,3%",
BLD,VerzTech.01,Wotzka 1995:177 „An der Spitze der Häufigkeitsskala der für die Bolondo-Gruppe nachgewiesenen Verzierungsarten stehen die Ritztechnik,
BLD,VerzTech.08,Wotzka 1995:117 „und das in der Regel als Dekor des Innenrandes verwendete banfwa-nfwa“,
BLD,VerzTech.06,Wotzka 1995:177 „Das Erscheinungsbild der Bolondo-Keramik wird jedoch in erster Linie durch Kerbschnitt-und Zahnstockornamentik ...“,
BLD,VerzTech.05,Wotzka 1995:177 „Das Erscheinungsbild der Bolondo-Keramik wird jedoch in erster Linie durch Kerbschnitt-und Zahnstockornamentik ...“,
BLD,VerzTech.12,Wotzka 1995:177 „eine neue Art der Flächenzier bestimmt: Im Bolondo-Stil tritt erstmals eine Ornamentierung der unteren Gefäßpartie durch flächigen Textil- bzw. Mattengeflechteindruck auf“,
BLD,VerzTech.16,Wotzka 1995:177 „eine neue Art der Flächenzier bestimmt: Im Bolondo-Stil tritt erstmals eine Ornamentierung der unteren Gefäßpartie durch flächigen Textil- bzw. Mattengeflechteindruck auf“,
BKN,Fabric.1,Wotzka 1995:181 „Die Keramik der Bokone-Gruppe ist überwiegend aus weißbrennenden Tonen hergestellt.“,
BKN,Fabric.2,"Wotzka 1995:181 „Acht Stücke (4,5 %) weisen aber eine rote Brennfarbe auf“",
BKN,Fabric.4,Wotzka 1995:181 „Für 97 dem Bokone-Stil zugewiesene Stücke (56 %) wurde eine feine Sandmagerung festgestellt“,
BKN,GefTyp.95,"Wotzka 1995:181 Tab. 90 = 46,9%",
BKN,GefTyp.96,"Wotzka 1995:181 Tab. 90 = 34,4%",
BKN,GefTyp.94,"Wotzka 1995:181 Tab. 90 = 18,8%",
BKN,RandTyp.140,"Wotzka 1995:182 Tab. 91 = 33,9%",
BKN,RandTyp.141,"Wotzka 1995:182 Tab. 91 = 13,6%",
BKN,RandTyp.142,"Wotzka 1995:182 Tab. 91 = 8,5%",
BKN,RandTyp.143,"Wotzka 1995:182 Tab. 91 = 8,5%",
BKN,RandTyp.144,"Wotzka 1995:182 Tab. 91 = 6,8%",
BKN,RandTyp.145,"Wotzka 1995:182 Tab. 91 = 6,8%",
BKN,RandTyp.146,"Wotzka 1995:182 Tab. 91 = 5,1%",
BKN,RandTyp.147,"Wotzka 1995:182 Tab. 91 = 5,1%",
BKN,RandTyp.148,"Wotzka 1995:182 Tab. 91 = 5,1%",
BKN,VerzTech.01,Wotzka 1995:183 „Die häufigsten Verzierungsarten des Bokone-Stiles stellen die Ritztechnik und der flächige Textilabdruck dar.“,
BKN,VerzTech.16,Wotzka 1995:183 „Die häufigsten Verzierungsarten des Bokone-Stiles stellen die Ritztechnik und der flächige Textilabdruck dar.“,
BKN,VerzTech.02,"Wotzka 1995:183 „Als charakteristisch haben vor allem tief eingedrückte, häufig wie gestempelt anmutende Rillenverzierungen zu gelten,“",
BKN,VerzTech.04,Wotzka 1995:183 „Die etwas seltener belegten Stempelverzierungen sind durchweg sehr tief und ohne große Sorgfalt ausgeführt.“,
BKN,VerzTech.08,"Wotzka 1995:183 „Echtes banfwa-nfwa ist für die Bokone-Gruppe zwar belegt, tritt aber quantitativ hinter verschiedenen, unzweifelhaft aus dieser Technik hervorgegangenen Verzierungsarten zurück.“",
BKN,VerzTech.12,"Wotzka 1995:183 „Neben dem Textilabdruck tritt als zweite, wesentlich seltenere Flächenzier auch der Matten- bzw. Korbgeflechtabdruck auf.“",
BLM,Fabric.1,Wotzka 1995:186 „Die Keramik der Bolombi-Gruppe ist aus weißbrennenden Tonen hergestellt.,
BLM,Fabric.4,Wotzka 1995:186 „Für 13 Stücke (36 %) ließ sich eine feine Sandmagerung nachweisen.“,
BLM,RandTyp.151,"Wotzka 1995:186 Tab. 93 = 28,6%",
BLM,RandTyp.152,"Wotzka 1995:186 Tab. 93 = 17,1%",
BLM,RandTyp.153,"Wotzka 1995:186 Tab. 93 = 11,4%",
BLM,RandTyp.154,"Wotzka 1995:186 Tab. 93 = 11,4%",
BLM,VerzTech.01,Wotzka 1995:187 „Die Verzierung der zur Bolombi-Gruppe gerechneten Randfragmente ist ausschließlich auf einfache Rillenmuster beschränkt“,
ILB,Fabric.4,Wotzka 1995:188 „geben die Töpferinnen dem Rohmaterial einen Zuschlag sehr feinen Flußsandes bei.“,
ILB,GefTyp.97,"Wotzka 1995:190 Tab. 95 = 33,3%",
ILB,GefTyp.98,"Wotzka 1995:190 Tab. 95 = 33,3%",
ILB,GefTyp.99,"Wotzka 1995:190 Tab. 95 = 12,5%",
ILB,RandTyp.155,"Wotzka 1995:191 Tab. 96 = 19,1%",
ILB,RandTyp.153,"Wotzka 1995:191 Tab. 96 = 17,6%",
ILB,RandTyp.157,"Wotzka 1995:191 Tab. 96 = 7,4%",
ILB,RandTyp.164,"Wotzka 1995:191 Tab. 96 = 7,4%",
ILB,RandTyp.165,"Wotzka 1995:191 Tab. 96 = 7,4%",
ILB,RandTyp.154,"Wotzka 1995:191 Tab. 96 = 5,9%",
ILB,RandTyp.163,"Wotzka 1995:191 Tab. 96 = 5,9%",
ILB,RandTyp.166,"Wotzka 1995:191 Tab. 96 = 5,9%",
ILB,BodenTyp.B1,Wotzka 1995:191 „Die meisten Gefäße der Ilemba-Bokonda-Gruppe haben Rundböden des Typs B 1.“,
ILB,BodenTyp.B2,Wotzka 1995:191 „Daneben sind lediglich der Linsenboden (Typ B 2) und der Omphalosboden (Typ B 7) belegt.“,
ILB,BodenTyp.B7,Wotzka 1995:191 „Daneben sind lediglich der Linsenboden (Typ B 2) und der Omphalosboden (Typ B 7) belegt.“,
ILB,VerzTech.16,Wotzka 1995:188 „plaziert die Töpferin den Formling auf den am Boden liegenden Rest eines Maschenstoffes und erzeugt ein die Außenwandunggroßteils bedeckendes flächiges Textilmuster.“,
ILB,VerzTech.01,Wotzka 1995:189 „lediglich einfache Ritz- oder Eindruckverzierungen angebracht.“,
ILB,VerzTech.04,Wotzka 1995:189 „lediglich einfache Ritz- oder Eindruckverzierungen angebracht.“,
IKK,Fabric.1,Wotzka 1995:193 „Die Keramik der Inkaka-Gruppe ist aus weißbrennenden Tonen hergestellt.“,
IKK,GefTyp.105,"Wotzka 1995:194 Tab. 99 = 70,0%",
IKK,GefTyp.106,"Wotzka 1995:194 Tab. 99 = 30,0%",
IKK,RandTyp.171,"Wotzka 1995:194 Tab. 100 = 61,4%",
IKK,RandTyp.172,"Wotzka 1995:194 Tab. 100 = 14,0%",
IKK,RandTyp.173,"Wotzka 1995:194 Tab. 100 = 6,1%",
IKK,RandTyp.174,"Wotzka 1995:194 Tab. 100 = 6,1%",
IKK,RandTyp.175,"Wotzka 1995:194 Tab. 100 = 5,3%",
IKK,VerzTech.02,"Wotzka 1995:195 „Die häufigste Verzierungsart stellen umlaufende, zumeist sehr grob und  unregelmäßig ausgeführte Rillen- und Riefenbündel dar.“",
IKK,VerzTech.12,Wotzka 1995:195 „Als Flächendekore sind in erster Linie Matten- oder Korbabdrücke belegt“,
IKK,VerzTech.04,"Wotzka 1995:195 „Stempelverzierungen sind vor allem in Form umlaufender Reihen grober, umegelmäßig ovaler bis tropfenförmiger tiefer Eindrücke belegt“",
YOP,Fabric.4,Wotzka 1995:197 „Der Rohton wird mit Sand gemagert“,
YOP,VerzTech.16,Wotzka 1995:197 „der Rest eines traditionellen Maschenstoffes als Arbeitsunterlage verwendet … bis ein flächendeckender Textilabdruck erzeugt ist.“,
YOP,GefTyp.98,"Wotzka 1995:197f. „Mit Ausnahme der Randgestalt entspricht diese Gefäßform dem in der rezenten Ilemba-Bokonda-Keramik des Tshuapa-Gebietes geläufigen, ebenfalls in einer großen und einer kleinen Variante hergestellten Typ 98.“",
YOP,RandTyp.180,"Wotzka 1995:198 Tab. 102 = 33,3%",
YOP,RandTyp.181,"Wotzka 1995:198 Tab. 102 = 22,2%",
YOP,RandTyp.182,"Wotzka 1995:198 Tab. 102 = 22,2%",
YOP,RandTyp.183,"Wotzka 1995:198 Tab. 102 = 16,7%",
YOP,BodenTyp.B1,Wotzka 1995:198 „Die Gefäße der Yopoko-Gruppe besitzen ausschließlich runde Böden des Typs B 1.“,
YOP,VerzTech.02,Wotzka 1995:198 „lediglich einfache umlaufende Riefen und Rillen“,
YOP,VerzTech.04,"Wotzka 1995:198 „sowie grobe, tief eingedrückte Stempelverzierungen.“",
LKG,Fabric.1,"Wotzka 1995:198 „Die Keramik der Lokonge-Gruppe ist aus weißbrennenden, in der Regel ungemagerten Tonen hergestellt.“",
LKG,Fabric.4,"Wotzka 1995:198f. „In zwei Fällen wurden allerdings in den Scherben eingelagerte feine Quarzpartikel festgestellt, die von einer intentionellen Magerung herrühren könnten.“",
LKG,Fabric.6,Wotzka 1995:199 „Ein Stück der Lokonge-Gruppe enthält sehr feine Glimrneranteile.“,
LKG,GefTyp.75,"Wotzka 1995:199 Tab. 104 = 60,0%",
LKG,GefTyp.108,"Wotzka 1995:199 Tab. 104 = 40,0%",
LKG,RandTyp.178,"Wotzka 1995:199 Tab. 105 = 45,8%",
LKG,RandTyp.116,"Wotzka 1995:199 Tab. 105 = 33,3%",
LKG,RandTyp.124,"Wotzka 1995:199 Tab. 105 = 16,7%",
LKG,VerzTech.02,"Wotzka 1995:199 „Das technische Repertoire der Lokonge-Ornamentik ist auf einfache Rillen-, Stempel- und banfwa-nfwa Verzierungen beschränkt.“",
LKG,VerzTech.04,"Wotzka 1995:199 „Das technische Repertoire der Lokonge-Ornamentik ist auf einfache Rillen-, Stempel- und banfwa-nfwa Verzierungen beschränkt.“",
LKG,VerzTech.08,"Wotzka 1995:199 „Das technische Repertoire der Lokonge-Ornamentik ist auf einfache Rillen-, Stempel- und banfwa-nfwa Verzierungen beschränkt.“",
LIK,Fabric.1,"Wotzka 1995:200 „aus weißbrennenden Tonen gefertigter, in der Mehrzahl ungemagerter Wandscherben“",
LIK,Fabric.4,"Wotzka 1995:200 „Zwei Stücke weisen allerdings Quarzeinschlüsse auf, die möglicherweise einen intentionellen Sandzuschlag bezeugen.“",
LIK,VerzTech.01,Wotzka 1995:201 „Die Ornamentik der Likuku-Keramik ist im wesentlichen auf eingeritzte oder eingestempelte stehende Bögen beschränkt“,
LIK,VerzTech.04,Wotzka 1995:201 „Die Ornamentik der Likuku-Keramik ist im wesentlichen auf eingeritzte oder eingestempelte stehende Bögen beschränkt“,
LIK,VerzTech.08,Wotzka 1995:201 „Während auf mehreren Stücken eindeutige banfwa-nfwa-Verzierungen nachzuweisen sind“,
MAL,Fabric.1,"Wotzka 1995:201 „ausnahmslos um ungemage rtes, aus weißbre nnendem Ton hergestelltes Material“",
MAL,GefTyp.70,Wotzka 1995:201 „Die einzige für diese Gruppe belegte Gefäßform stellt der halslose Kugeltopf des Typs 70 dar“,
MAL,RandTyp.71,Wotzka 1995:201 „der mit RändemderTypen R71 und R64 vorkommt“,
MAL,RandTyp.64,Wotzka 1995:201 „der mit RändemderTypen R71 und R64 vorkommt“,
MAL,VerzTech.01,Wotzka 1995:201 „Die Ornamentik der Malelernbe-Keramik wird vor allem durch feine Dreieckstempel und eingeritzte Schraffurmotive bestimmt“,
MAL,VerzTech.04,Wotzka 1995:201 „Die Ornamentik der Malelernbe-Keramik wird vor allem durch feine Dreieckstempel und eingeritzte Schraffurmotive bestimmt“,
MAL,VerzTech.08,Wotzka 1995:201 „In mehreren Fällen überlagert die Stempel- und Rillenverzierung einen zuvor angeb rachten flächigen Banfwa-nfwa-Dekor“,
MPO,Fabric.1,Wotzka 1995:202 „Es handelt sich um fünf aus rotbrennendem und zwei aus weißbrennendem Ton hergestellte Stücke.“,
MPO,Fabric.2,Wotzka 1995:202 „Es handelt sich um fünf aus rotbrennendem und zwei aus weißbrennendem Ton hergestellte Stücke.“,
MPO,Fabric.4,"Wotzka 1995:202 „Vier dieser Fragmente enthalten feine, auf eine intentioneHe Sandmagerung hindeutende Quarzeinschlüsse.“",
MPO,GefTyp.59,Wotzka 1995:202 „ Eine Scherbe … lässt sich … Typ 59 zuweisen“,
MPO,VerzTech.16,"Wotzka 1995:202 „im wesentlichen auf flächige, im Schulterbereich ansetzende Gewebedekore“",
MPO,VerzTech.02,Wotzka 1995:202 „im obersten Abschnitt der Schulter angebrachte stehende Rillenbögen“,
MPO,VerzTech.04,Wotzka 1995:202 „Darüber hinaus sind lediglich umlaufende Reihen feiner Stempeldreiecke belegt.“,
BSG,Fabric.1,Wotzka 1995:203 „Die Keramik der Besango-Gruppe ist aus weißbrennenden ungemagerten Tonen gefertigt.“,
BSG,GefTyp.53,"Wotzka 1995:203 Tab. 107 = 83,3%",
BSG,GefTyp.88,"Wotzka 1995:203 Tab. 107 = 6,7%",
BSG,GefTyp.89,"Wotzka 1995:203 Tab. 107 = 6,7%",
BSG,RandTyp.64,"Wotzka 1995:203 Tab. 108 = 66,7%",
BSG,VerzTech.02,Wotzka 1995:203 „Die beiden häufigsten Verzierungsweisen des Besongo-Stiles stellen der flächige banfwa-nfwa Dekor und einfache Horizontalrillen dar.,
BSG,VerzTech.08,Wotzka 1995:203 „Die beiden häufigsten Verzierungsweisen des Besongo-Stiles stellen der flächige banfwa-nfwa Dekor und einfache Horizontalrillen dar.,
BSG,VerzTech.09,"Wotzka 1995:203 „Das Erscheinungsbild der Besango-Keramik wird aber in erster Linie durch Rillen-, Applique- und Stempelornamentik bestimmt.“",
BSG,VerzTech.04,"Wotzka 1995:203 „Das Erscheinungsbild der Besango-Keramik wird aber in erster Linie durch Rillen-, Applique- und Stempelornamentik bestimmt.“",
LSL,Fabric.5,"Wotzka 1995:206 „Die Usala-Keramik ist aus rotbrennendem, mit Quarzsand gemagertem Ton hergestellt.“",
LSL,Fabric.6,Wotzka 1995:207 „Zwei Fragmente weisen zusätzlich deutliche Anteile feiner Glimmerpartikel auf.“,
LSL,GefTyp.109,Wotzka 1995:207 „Die einzige für die Usala-Gruppe belegte Gefäßform stellt der in drei Stücken repräsentierte Typ 109 dar.“,
LSL,RandTyp.193,Wotzka 1995:207 „ausbiegendem Rand des Typs R 193“,
LSL,VerzTech.01,"Wotzka 1995:207 „Die Verzierungen beschränken sich auf umlaufende, teils mit einer leichten Treppung des Profils einhergehende Riefen- oder Rillengruppen“",
LSL,VerzTech.02,"Wotzka 1995:207 „Die Verzierungen beschränken sich auf umlaufende, teils mit einer leichten Treppung des Profils einhergehende Riefen- oder Rillengruppen“",
NKB,Fabric.4,"Wotzka 1995:207 „Die Keramik der Nkomba-Gruppe ist teils aus weißbrennenden, teils aus rotbrennenden Tonen hergestellt. Sämtliche Stücke enthalten einen hohen Anteil an Quarzeinschlüssen, die eine intentioneile Magerung bezeugen.“",
NKB,Fabric.5,"Wotzka 1995:207 „Die Keramik der Nkomba-Gruppe ist teils aus weißbrennenden, teils aus rotbrennenden Tonen hergestellt. Sämtliche Stücke enthalten einen hohen Anteil an Quarzeinschlüssen, die eine intentioneile Magerung bezeugen.“",
NKB,Fabric.6,Wotzka 1995:207 „bei zehn Stücken zusätzliche Anteile feiner Glimmerpartikel festzustellen“,
NKB,GefTyp.110,"Wotzka 1995:208 Tab. 110 = 28,6%",
NKB,GefTyp.111,"Wotzka 1995:208 Tab. 110 = 21,4%",
NKB,GefTyp.112,"Wotzka 1995:208 Tab. 110 = 21,4%",
NKB,GefTyp.113,"Wotzka 1995:208 Tab. 110 = 14,3%",
NKB,RandTyp.185,"Wotzka 1995:209 Tab. 111 = 21,7%",
NKB,RandTyp.186,"Wotzka 1995:209 Tab. 111 = 20,3%",
NKB,RandTyp.187,"Wotzka 1995:209 Tab. 111 = 18,8%",
NKB,RandTyp.188,"Wotzka 1995:209 Tab. 111 = 17,4%",
NKB,RandTyp.189,"Wotzka 1995:209 Tab. 111 = 11,6%",
NKB,RandTyp.169,"Wotzka 1995:209 Tab. 111 = 5,8%",
NKB,VerzTech.14,Wotzka 1995:209 „Das auffälligste ornamentale Kennzeichen der Nkomba-Gruppe stellt die rote Streifenbemalung der meisten zugehörigen Stücke dar.“,
NKB,VerzTech.02,Wotzka 1995:209 „Daneben … mit Rillen- oder Riefenverzierungen … kombiniert“,
NKB,VerzTech.05,Wotzka 1995:209 „Mehrere Stücke zeigen Zahnstockverzierungen“,
YNG,Fabric.4,Livingstone Smith et al. 2017,
YNG,Fabric.5,Livingstone Smith et al. 2017,
YNG,GefTyp.C1,Livingstone Smith et al. 2017,
YNG,BodenTyp.B4,Livingstone Smith et al. 2017,
YNG,BodenTyp.B11,Livingstone Smith et al. 2017,
YNG,VerzTech.01,Livingstone Smith et al. 2017,
YNG,VerzTech.02,Livingstone Smith et al. 2017,
YNG,VerzTech.04-1,Livingstone Smith et al. 2017,
BTM,Fabric.4,Seidensticker 2017: 117,
BTM,Fabric.5,Seidensticker 2017: 117,
BTM,GefTyp.C2,Seidensticker 2017: 117,
BTM,GefTyp.E5,Seidensticker 2017: 117,
BTM,GefTyp.I2,Seidensticker 2017: 117,
BTM,BodenTyp.B4,Seidensticker 2017: 119,
BTM,BodenTyp.B2,Seidensticker 2017: 119,
BTM,BodenTyp.B5,Seidensticker 2017: 119,
BTM,VerzTech.01,Seidensticker 2017: 120; 522 Anlage 4.A,
BTM,VerzTech.02,Seidensticker 2017: 120; 522 Anlage 4.A,
BTM,VerzTech.04,Seidensticker 2017: 120; 522 Anlage 4.A,
NGB,Fabric.4,Seidensticker 2017: 125,
NGB,Fabric.5,Seidensticker 2017: 125,
NGB,GefTyp.C1,Seidensticker 2017: 126,
NGB,BodenTyp.B1,Seidensticker 2017: 126,
NGB,BodenTyp.B4,Seidensticker 2017: 126-127,
NGB,VerzTech.01,Seidensticker 2017: 127; 522 Anlage 4.B,
NGB,VerzTech.02,Seidensticker 2017: 127; 522 Anlage 4.B,
NGB,VerzTech.04,Seidensticker 2017: 127; 522 Anlage 4.B,
DON,Fabric.4,Seidensticker 2017: 131,
DON,Fabric.7,Seidensticker 2017: 131,
DON,Fabric.3,Seidensticker 2017: 131,
DON,Fabric.8,Seidensticker 2017: 131,
DON,GefTyp.E1,Seidensticker 2017: 131,
DON,GefTyp.I3,Seidensticker 2017: 131,
DON,BodenTyp.B4,Seidensticker 2017: 133,
DON,BodenTyp.B2,Seidensticker 2017: 133,
DON,VerzTech.02,Seidensticker 2017: 133; 522 Anlange 4.C,
DON,VerzTech.21A,Seidensticker 2017: 133; 522 Anlange 4.C,
DON,VerzTech.04,Seidensticker 2017: 133; 522 Anlange 4.C,
MKL,Fabric.4,Seidensticker 2017: 135,
MKL,Fabric.7,Seidensticker 2017: 135,
MKL,Fabric.5,Seidensticker 2017: 135,
MKL,GefTyp.C1,Seidensticker 2017: 136,
MKL,GefTyp.H2,Seidensticker 2017: 136,
MKL,GefTyp.E4,Seidensticker 2017: 136,
MKL,BodenTyp.B4,Seidensticker 2017: 137,
MKL,VerzTech.02,Seidensticker 2017: 137, 523 Anlage 4.D
MKL,VerzTech.04,Seidensticker 2017: 137, 523 Anlage 4.D
MKL,VerzTech.21B,Seidensticker 2017: 137, 523 Anlage 4.D
MKL,VerzTech.05,Seidensticker 2017: 137, 523 Anlage 4.D
BBL,Fabric.3,Seidensticker 2017: 140,
BBL,Fabric.4,Seidensticker 2017: 140,
BBL,Fabric.5,Seidensticker 2017: 140,
BBL,Fabric.7,Seidensticker 2017: 140,
BBL,GefTyp.E1,Seidensticker 2017: 141,
BBL,GefTyp.D1,Seidensticker 2017: 141,
BBL,VerzTech.02,Seidensticker 2017: 141, 523 Anlage 4.E
BBL,VerzTech.04,Seidensticker 2017: 141, 523 Anlage 4.E
BBL,VerzTech.08,Seidensticker 2017: 141, 523 Anlage 4.E
BBL,VerzTech.21A,Seidensticker 2017: 141, 523 Anlage 4.E
BBL,VerzTech.21B,Seidensticker 2017: 141, 523 Anlage 4.E
BKW,Fabric.1,Seidensticker 2017: 144,
BKW,GefTyp.G3,Seidensticker 2017: 145,
BKW,BodenTyp.B15,Seidensticker 2017: 145,
BKW,VerzTech.08,Seidensticker 2017: 146, 523 Anlage 4.F
BKW,VerzTech.02,Seidensticker 2017: 146, 523 Anlage 4.F
BKW,VerzTech.01,Seidensticker 2017: 146, 523 Anlage 4.F
MTB,Fabric.4,Seidensticker 2017: 150,
MTB,Fabric.5,Seidensticker 2017: 150,
MTB,GefTyp.E1,Seidensticker 2017: 151,
MTB,GefTyp.I3,Seidensticker 2017: 151,
MTB,GefTyp.I4,Seidensticker 2017: 151,
MTB,GefTyp.H2,Seidensticker 2017: 151,
MTB,BodenTyp.B1,Seidensticker 2017: 152,
MTB,VerzTech.21A,Seidensticker 2017: 152, 524 Anlage 4.G
MTB,VerzTech.21B,Seidensticker 2017: 152, 524 Anlage 4.G
MTB,VerzTech.02,Seidensticker 2017: 152, 524 Anlage 4.G
MTB,VerzTech.04,Seidensticker 2017: 152, 524 Anlage 4.G
KPT,Fabric.4,Seidensticker 2017: 154,
KPT,Fabric.6,Seidensticker 2017: 154,
KPT,GefTyp.H1,Seidensticker 2017: 154,
KPT,GefTyp.H2,Seidensticker 2017: 154,
KPT,GefTyp.D2,Seidensticker 2017: 154,
KPT,BodenTyp.B1,Seidensticker 2017: 154,
KPT,BodenTyp.B3,Seidensticker 2017: 154,
KPT,VerzTech.12,Seidensticker 2017: 155, 524 Anlage 4.H
KPT,VerzTech.21B,Seidensticker 2017: 155, 524 Anlage 4.H
KPT,VerzTech.02,Seidensticker 2017: 155, 524 Anlage 4.H
DAM,Fabric.3,Seidensticker 2017: 159, 105 Tab. 13
DAM,Fabric.4,Seidensticker 2017: 159, 105 Tab. 13
DAM,Fabric.6,Seidensticker 2017: 159, 105 Tab. 13
DAM,Fabric.7,Seidensticker 2017: 159, 105 Tab. 13
DAM,GefTyp.D1,Seidensticker 2017: 159,
DAM,GefTyp.E2,Seidensticker 2017: 159,
DAM,BodenTyp.B1,Seidensticker 2017: 159,
DAM,VerzTech.21B,Seidensticker 2017: 160, 524 Anlage 4.I
DAM,VerzTech.02,Seidensticker 2017: 160, 524 Anlage 4.I
MBN,Fabric.3,Seidensticker 2017: 162,
MBN,Fabric.4,Seidensticker 2017: 162,
MBN,Fabric.5,Seidensticker 2017: 162,
MBN,GefTyp.E2,Seidensticker 2017: 163,
MBN,GefTyp.H2,Seidensticker 2017: 163,
MBN,BodenTyp.B1,Seidensticker 2017: 163,
MBN,VerzTech.21A,Seidensticker 2017: 165, 525 Anlage 4.J
MBN,VerzTech.02,Seidensticker 2017: 165, 525 Anlage 4.J
MBN,VerzTech.04,Seidensticker 2017: 165, 525 Anlage 4.J
BAN,Fabric.3,Seidensticker 2017: 167, 105 Tab. 13
BAN,Fabric.8,Seidensticker 2017: 167, 105 Tab. 13
BAN,GefTyp.E1,Seidensticker 2017: 167,
BAN,GefTyp.A2,Seidensticker 2017: 167,
BAN,BodenTyp.B1,Seidensticker 2017: 167,
BAN,BodenTyp.B4,Seidensticker 2017: 167,
BAN,VerzTech.22,Seidensticker 2017: 167, 525 Anlage 4.K
BAN,VerzTech.02,Seidensticker 2017: 168, 525 Anlage 4.K
BAN,VerzTech.04,Seidensticker 2017: 168, 525 Anlage 4.K
PKM,Fabric.1,Seidensticker 2017: 171,
PKM,GefTyp.E3,Seidensticker 2017: 171,
PKM,GefTyp.F3,Seidensticker 2017: 171,
PKM,GefTyp.E1,Seidensticker 2017: 171,
PKM,BodenTyp.B1,Seidensticker 2017: 173,
PKM,VerzTech.01,Seidensticker 2017: 174, 525 Anlage 4.L
PKM,VerzTech.02,Seidensticker 2017: 174, 525 Anlage 4.L
PKM,VerzTech.04,Seidensticker 2017: 174, 525 Anlage 4.L
PKM,VerzTech.04-1,Seidensticker 2017: 174, 525 Anlage 4.L
BOG,Fabric.1,Seidensticker 2017: 179, 105 Tab. 13
BOG,Fabric.2,Seidensticker 2017: 179, 105 Tab. 13
BOG,Fabric.8,Seidensticker 2017: 179, 105 Tab. 13
BOG,Fabric.9,Seidensticker 2017: 179, 105 Tab. 13
BOG,GefTyp.B6,Seidensticker 2017: 179,
BOG,GefTyp.H2,Seidensticker 2017: 179,
BOG,VerzTech.01,Seidensticker 2017: 181, 526 Anlage 4.M
BOG,VerzTech.02,Seidensticker 2017: 181, 526 Anlage 4.M
BOG,VerzTech.04,Seidensticker 2017: 181, 526 Anlage 4.M
NGO,Fabric.1,Seidensticker 2017: 184, 105 Tab. 13
NGO,Fabric.9,Seidensticker 2017: 184, 105 Tab. 13
NGO,GefTyp.D2,Seidensticker 2017: 184,
NGO,GefTyp.J1,Seidensticker 2017: 184,
NGO,GefTyp.E6,Seidensticker 2017: 184,
NGO,GefTyp.F6,Seidensticker 2017: 184,
NGO,GefTyp.F4,Seidensticker 2017: 185,
NGO,BodenTyp.B1,Seidensticker 2017: 186,
NGO,VerzTech.02,Seidensticker 2017: 186, 526 Anlage 4.N
NGO,VerzTech.04,Seidensticker 2017: 186, 526 Anlage 4.N
NGO,VerzTech.01,Seidensticker 2017: 187, 526 Anlage 4.N
NGO,VerzTech.08,Seidensticker 2017: 187, 526 Anlage 4.N
MAT,Fabric.3,Seidensticker 2017: 190, 105 Tab. 13
MAT,Fabric.4,Seidensticker 2017: 190, 105 Tab. 13
MAT,Fabric.7,Seidensticker 2017: 190, 105 Tab. 13
MAT,GefTyp.F1,Seidensticker 2017: 190,
MAT,VerzTech.02,Seidensticker 2017: 192, 526 Anlage 4.O
MAT,VerzTech.04,Seidensticker 2017: 192, 526 Anlage 4.O
EBA,Fabric.1,Seidensticker 2017: 195, 105 Tab. 13
EBA,GefTyp.B4,Seidensticker 2017: 195,
EBA,GefTyp.G4,Seidensticker 2017: 195,
EBA,GefTyp.A2,Seidensticker 2017: 195,
EBA,BodenTyp.B6,Seidensticker 2017: 195,
EBA,BodenTyp.B4,Seidensticker 2017: 197,
EBA,BodenTyp.B13,Seidensticker 2017: 197,
EBA,BodenTyp.B1,Seidensticker 2017: 197,
EBA,VerzTech.08,Seidensticker 2017: 197, 526 Anlage 4.P
EBA,VerzTech.01,Seidensticker 2017: 197, 526 Anlage 4.P
EBA,VerzTech.02,Seidensticker 2017: 197, 526 Anlage 4.P
EBA,VerzTech.04,Seidensticker 2017: 197, 526 Anlage 4.P
EPE,Fabric.1,Seidensticker 2017: 202, 105 Tab. 13
EPE,GefTyp.B4,Seidensticker 2017: 202,
EPE,GefTyp.A3,Seidensticker 2017: 202,
EPE,GefTyp.G4,Seidensticker 2017: 202,
EPE,GefTyp.B2,Seidensticker 2017: 202,
EPE,GefTyp.B3,Seidensticker 2017: 202,
EPE,GefTyp.G2,Seidensticker 2017: 202,
EPE,GefTyp.E6,Seidensticker 2017: 202,
EPE,GefTyp.G3,Seidensticker 2017: 202,
EPE,BodenTyp.B4,Seidensticker 2017: 204,
EPE,BodenTyp.B1,Seidensticker 2017: 204,
EPE,VerzTech.01,Seidensticker 2017: 204, 526 Anlage 4.Q
EPE,VerzTech.02,Seidensticker 2017: 204, 526 Anlage 4.Q
EPE,VerzTech.04,Seidensticker 2017: 205, 526 Anlage 4.Q
MKA,Fabric.1,Seidensticker 2017: 208, 105 Tab. 13
MKA,Fabric.2,Seidensticker 2017: 208, 105 Tab. 13
MKA,GefTyp.F3,Seidensticker 2017: 208,
MKA,GefTyp.E1,Seidensticker 2017: 210,
MKA,BodenTyp.B1,Seidensticker 2017: 210,
MKA,BodenTyp.B2,Seidensticker 2017: 210,
MKA,VerzTech.02,Seidensticker 2017: 210, 526 Anlage 4.R
MKA,VerzTech.14,Seidensticker 2017: 210, 526 Anlage 4.R
MKA,VerzTech.08,Seidensticker 2017: 210, 526 Anlage 4.R
MDB,Fabric.3,Seidensticker 2017: 213, 105 Tab. 13
MDB,GefTyp.D1,Seidensticker 2017: 214,
MDB,VerzTech.15,Seidensticker 2017: 216, 526 Anlage 4.S
MDB,VerzTech.02,Seidensticker 2017: 216, 526 Anlage 4.S
MDB,VerzTech.09,Seidensticker 2017: 216, 526 Anlage 4.S
MDB,VerzTech.22,Seidensticker 2017: 216, 526 Anlage 4.S
KON,Fabric.3,Seidensticker 2017: 219, 105 Tab. 13
KON,Fabric.4,Seidensticker 2017: 219, 105 Tab. 13
KON,Fabric.5,Seidensticker 2017: 219, 105 Tab. 13
KON,GefTyp.D1,Seidensticker 2017: 219,
KON,GefTyp.A2,Seidensticker 2017: 220,
KON,GefTyp.I4,Seidensticker 2017: 220,
KON,VerzTech.02,Seidensticker 2017: 221, 526 Anlage 4.T
KON,VerzTech.04,Seidensticker 2017: 221, 526 Anlage 4.T
KON,VerzTech.15,Seidensticker 2017: 221, 526 Anlage 4.T
KON,VerzTech.21A,Seidensticker 2017: 221, 526 Anlage 4.T
OUE,Fabric.1,Seidensticker 2017: 223, 105 Tab. 13
OUE,Fabric.3,Seidensticker 2017: 223, 105 Tab. 13
OUE,Fabric.4,Seidensticker 2017: 223, 105 Tab. 13
OUE,GefTyp.C1,Seidensticker 2017: 224,
OUE,VerzTech.02,Seidensticker 2017: 225, 526 Anlage 4.U
OUE,VerzTech.05,Seidensticker 2017: 225, 526 Anlage 4.U
OUE,VerzTech.04,Seidensticker 2017: 225, 526 Anlage 4.U
PDM,Fabric.3,Seidensticker 2017: 228, 105 Tab. 13
PDM,Fabric.4,Seidensticker 2017: 228, 105 Tab. 13
PDM,Fabric.5,Seidensticker 2017: 228, 105 Tab. 13
PDM,Fabric.7,Seidensticker 2017: 228, 105 Tab. 13
PDM,GefTyp.C2,Seidensticker 2017: 228,
PDM,GefTyp.D1,Seidensticker 2017: 228,
PDM,GefTyp.I4,Seidensticker 2017: 228,
PDM,BodenTyp.B1,Seidensticker 2017: 229,
PDM,VerzTech.21A,Seidensticker 2017: 230, 526 Anlage 4.V
PDM,VerzTech.02,Seidensticker 2017: 230, 526 Anlage 4.V
PDM,VerzTech.04,Seidensticker 2017: 230, 526 Anlage 4.V
MBJ,Fabric.3,Seidensticker 2017: 233, 105 Tab. 13
MBJ,Fabric.4,Seidensticker 2017: 233, 105 Tab. 13
MBJ,Fabric.5,Seidensticker 2017: 233, 105 Tab. 13
MBJ,Fabric.7,Seidensticker 2017: 233, 105 Tab. 13
MBJ,GefTyp.C2,Seidensticker 2017: 234,
MBJ,GefTyp.C1,Seidensticker 2017: 234,
MBJ,GefTyp.F2,Seidensticker 2017: 234,
MBJ,VerzTech.21B,Seidensticker 2017: 236, 526 Anlage 4.W
BBS,Fabric.8,Seidensticker 2017: 237, 105 Tab. 13
BBS,Fabric.9,Seidensticker 2017: 237, 105 Tab. 13
BBS,GefTyp.E1,Seidensticker 2017: 238,
BBS,GefTyp.I3,Seidensticker 2017: 238,
BBS,GefTyp.H2,Seidensticker 2017: 238,
BBS,BodenTyp.B1,Seidensticker 2017: 239,
BBS,BodenTyp.B6,Seidensticker 2017: 239,
BBS,BodenTyp.B13,Seidensticker 2017: 239,
BBS,VerzTech.01,Seidensticker 2017: 239, 526 Anlage 4.X
BBS,VerzTech.02,Seidensticker 2017: 239, 526 Anlage 4.X
BBS,VerzTech.04,Seidensticker 2017: 239, 526 Anlage 4.X
BBS,VerzTech.14,Seidensticker 2017: 239, 526 Anlage 4.X
